,sentence,head_noun,head_noun_match,but_word,but_word_match
0,There are adventure months but,months,months,but,but
1,There are retirement months but,months,months,but,but
2,There are jail months but,months,months,but,but
3,There are adventure bookings but,bookings,bookings,but,but
4,It is an adventure commercial but,commercial,commercial,but,but
5,It is air power but,power,power,but,but
6,It is solar power but,power,power,but,but
7,It is manual power but,power,power,but,but
8,It is an air current but,current,current,but,but
9,It is an air blast but,blast,blast,but,but
10,It is a birth rash but,rash,rash,but,but
11,It is an allergy rash but,rash,rash,but,but
12,It is an arm rash but,rash,rash,but,but
13,It is a birth cramp but,cramp,cramp,but,but
14,It is a birth event but,event,event,but,but
15,It is a cable brake but,brake,brake,but,but
16,It is an electric brake but,brake,brake,but,but
17,It is a bicycle brake but,brake,brake,but,but
18,It is a cable pulley but,pulley,pulley,but,but
19,It is a cable bobbin but,bobbin,bobbin,but,but
20,It is a cactus bee but,bee,bee,but,but
21,It is a picnic bee but,bee,bee,but,but
22,It is a syrup bee but,bee,bee,but,but
23,It is a cactus chipmunk but,chipmunk,chipmunk,but,but
24,It is a cactus root but,root,root,but,but
25,It is cane sugar but,sugar,sugar,but,but
26,It is peach sugar but,sugar,sugar,but,but
27,It is breakfast sugar but,sugar,sugar,but,but
28,It is cane juice but,juice,juice,but,but
29,It is a cane plantation but,plantation,plantation,but,but
30,There are chocolate shavings but,shavings,shavings,but,but
31,There are grass shavings but,shavings,shavings,but,but
32,There are dried shavings but,shavings,shavings,but,but
33,It is a chocolate power but,power,power,but,but
34,It is a chocolate recipe but,recipe,recipe,but,but
35,It is a coal town but,town,town,but,but
36,It is a festival town but,town,town,but,but
37,It is a valley town but,town,town,but,but
38,It is a coal country but,country,country,but,but
39,It is a coal machine but,machine,machine,but,but
40,It is coffee tension but,tension,tension,but,but
41,It is examination tension but,tension,tension,but,but
42,It is muscle tension but,tension,tension,but,but
43,It is a coffee stain but,stain,stain,but,but
44,It is a coffee container but,container,container,but,but
45,There are college lakes but,lakes,lakes,but,but
46,There are farmer lakes but,lakes,lakes,but,but
47,There are minnow lakes but,lakes,lakes,but,but
48,It is a college property but,property,property,but,but
49,It is a college publication but,publication,publication,but,but
50,It is cream sauce but,sauce,sauce,but,but
51,It is pumpkin sauce but,sauce,sauce,but,but
52,It is potato sauce but,sauce,sauce,but,but
53,It is a cream bread but,bread,bread,but,but
54,It is a cream churn but,churn,churn,but,but
55,It is a family cow but,cow,cow,but,but
56,It is a school cow but,cow,cow,but,but
57,It is a dairy cow but,cow,cow,but,but
58,It is a family garden but,garden,garden,but,but
59,It is a family church but,church,church,but,but
60,It is a financial headache but,headache,headache,but,but
61,It is an alcohol headache but,headache,headache,but,but
62,It is a fatal headache but,headache,headache,but,but
63,It is a financial problem but,problem,problem,but,but
64,It is a financial remedy but,remedy,remedy,but,but
65,It is a fish gland but,gland,gland,but,but
66,It is a reptile gland but,gland,gland,but,but
67,It is an underdeveloped gland but,gland,gland,but,but
68,It is a fish fin but,fin,fin,but,but
69,It is a fish stew but,stew,stew,but,but
70,It is a floral wreath but,wreath,wreath,but,but
71,It is a yarn wreath but,wreath,wreath,but,but
72,It is a Christmas wreath but,wreath,wreath,but,but
73,It is a floral perfume but,perfume,perfume,but,but
74,It is a floral fabric but,fabric,fabric,but,but
75,There are flu pills but,pills,pills,but,but
76,There are infant pills but,pills,pills,but,but
77,There are medicinal pills but,pills,pills,but,but
78,It is flu therapy but,therapy,therapy,but,but
79,It is a flu outbreak but,outbreak,outbreak,but,but
80,It is fruit food but,food,food,but,but
81,It is hot food but,food,food,but,but
82,It is package food but,food,food,but,but
83,It is a fruit slice but,slice,slice,but,but
84,It is a fruit seed but,seed,seed,but,but
85,It is a gas lamp but,lamp,lamp,but,but
86,It is a battery lamp but,lamp,lamp,but,but
87,It is a cabin lamp but,lamp,lamp,but,but
88,It is a gas car but,car,car,but,but
89,It is a gas hose but,hose,hose,but,but
90,It is a grain law but,law,law,but,but
91,It is a traffic law but,law,law,but,but
92,It is a state law but,law,law,but,but
93,It is a grain controversy but,controversy,controversy,but,but
94,It is a grain dish but,dish,dish,but,but
95,It is a gutter hole but,hole,hole,but,but
96,It is a prairie hole but,hole,hole,but,but
97,It is a rodent hole but,hole,hole,but,but
98,It is a gutter rodent but,rodent,rodent,but,but
99,It is gutter drainage but,drainage,drainage,but,but
100,It is a heat iron but,iron,iron,but,but
101,It is a pancake iron but,iron,iron,but,but
102,It is a ceramic iron but,iron,iron,but,but
103,It is a heat pad but,pad,pad,but,but
104,It is a heat regulator but,regulator,regulator,but,but
105,There are historical members but,members,members,but,but
106,There are foreign members but,members,members,but,but
107,There are hospital members but,members,members,but,but
108,It is a historical elder but,elder,elder,but,but
109,There are historical archives but,archives,archives,but,but
110,It is a home light but,light,light,but,but
111,It is a reading light but,light,light,but,but
112,It is a glass light but,light,light,but,but
113,It is home paint but,paint,paint,but,but
114,It is a home dispute but,dispute,dispute,but,but
115,It is honey soup but,soup,soup,but,but
116,It is ham soup but,soup,soup,but,but
117,It is holiday soup but,soup,soup,but,but
118,It is a honey muffin but,muffin,muffin,but,but
119,It is a honey insect but,insect,insect,but,but
120,There are horse scales but,scales,scales,but,but
121,There are chemistry scales but,scales,scales,but,but
122,There are metal scales but,scales,scales,but,but
123,There are horse stables but,stables,stables,but,but
124,It is a horse auction but,auction,auction,but,but
125,It is job language but,language,language,but,but
126,It is California language but,language,language,but,but
127,It is verbal language but,language,language,but,but
128,It is a job completion but,completion,completion,but,but
129,It is job anxiety but,anxiety,anxiety,but,but
130,It is juvenile underwear but,underwear,underwear,but,but
131,It is evening underwear but,underwear,underwear,but,but
132,It is flannel underwear but,underwear,underwear,but,but
133,It is a juvenile swing but,swing,swing,but,but
134,It is juvenile behavior but,behavior,behavior,but,but
135,It is a lemon plant but,plant,plant,but,but
136,It is a pollen plant but,plant,plant,but,but
137,It is a farm plant but,plant,plant,but,but
138,It is a lemon tree but,tree,tree,but,but
139,It is a lemon biscuit but,biscuit,biscuit,but,but
140,It is a Marine antique but,antique,antique,but,but
141,It is a library antique but,antique,antique,but,but
142,It is a sewing antique but,antique,antique,but,but
143,It is a Marine gun but,gun,gun,but,but
144,It is a Marine attack but,attack,attack,but,but
145,There are marital instincts but,instincts,instincts,but,but
146,There are academic instincts but,instincts,instincts,but,but
147,There are evolved instincts but,instincts,instincts,but,but
148,It is marital preparation but,preparation,preparation,but,but
149,It is marital happiness but,happiness,happiness,but,but
150,It is a milk virus but,virus,virus,but,but
151,It is a throat virus but,virus,virus,but,but
152,It is a dormant virus but,virus,virus,but,but
153,It is a milk bacterium but,bacterium,bacterium,but,but
154,It is a milk pudding but,pudding,pudding,but,but
155,There are morning signals but,signals,signals,but,but
156,There are pregnancy signals but,signals,signals,but,but
157,There are animal signals but,signals,signals,but,but
158,It is morning medication but,medication,medication,but,but
159,It is morning meditation but,meditation,meditation,but,but
160,It is a moth shape but,shape,shape,but,but
161,It is a mould shape but,shape,shape,but,but
162,It is an oval shape but,shape,shape,but,but
163,It is a moth wing but,wing,wing,but,but
164,It is a moth insecticide but,insecticide,insecticide,but,but
165,It is a mountain breeze but,breeze,breeze,but,but
166,It is a kitchen breeze but,breeze,breeze,but,but
167,It is a storm breeze but,breeze,breeze,but,but
168,It is a mountain cabin but,cabin,cabin,but,but
169,It is a mountain magazine but,magazine,magazine,but,but
170,It is a municipal forest but,forest,forest,but,but
171,It is a royalty forest but,forest,forest,but,but
172,It is an alpine forest but,forest,forest,but,but
173,It is a municipal pool but,pool,pool,but,but
174,It is a municipal campaign but,campaign,campaign,but,but
175,It is a murder film but,film,film,but,but
176,It is a poverty film but,film,film,but,but
177,It is a foreign film but,film,film,but,but
178,It is a murder investigation but,investigation,investigation,but,but
179,It is a murder attempt but,attempt,attempt,but,but
180,There are national resources but,resources,resources,but,but
181,There are company resources but,resources,resources,but,but
182,There are gold resources but,resources,resources,but,but
183,It is a national police but,police,police,but,but
184,It is a national mistake but,mistake,mistake,but,but
185,It is a nose sound but,sound,sound,but,but
186,It is a drum sound but,sound,sound,but,but
187,It is an unidentified sound but,sound,sound,but,but
188,It is a nose itch but,itch,itch,but,but
189,It is a nose movement but,movement,movement,but,but
190,It is an office charge but,charge,charge,but,but
191,It is a doctor charge but,charge,charge,but,but
192,It is a royalty charge but,charge,charge,but,but
193,It is an office statement but,statement,statement,but,but
194,It is an office notepad but,notepad,notepad,but,but
195,It is an oil treatment but,treatment,treatment,but,but
196,It is a surgery treatment but,treatment,treatment,but,but
197,It is a disease treatment but,treatment,treatment,but,but
198,It is an oil moisturizer but,moisturizer,moisturizer,but,but
199,It is an oil accident but,accident,accident,but,but
200,It is an olive season but,season,season,but,but
201,It is a gestation season but,season,season,but,but
202,It is a humidity season but,season,season,but,but
203,It is olive fertilizer but,fertilizer,fertilizer,but,but
204,It is an olive paste but,paste,paste,but,but
205,It is paper equipment but,equipment,equipment,but,but
206,It is construction equipment but,equipment,equipment,but,but
207,It is steel equipment but,equipment,equipment,but,but
208,There are paper staples but,staples,staples,but,but
209,It is a paper sculpture but,sculpture,sculpture,but,but
210,It is a party dance but,dance,dance,but,but
211,It is a hall dance but,dance,dance,but,but
212,It is a peasant dance but,dance,dance,but,but
213,It is a party toast but,toast,toast,but,but
214,It is a party invitation but,invitation,invitation,but,but
215,It is pine oil but,oil,oil,but,but
216,It is pig oil but,oil,oil,but,but
217,It is tanning oil but,oil,oil,but,but
218,It is a pine bark but,bark,bark,but,but
219,It is pine furniture but,furniture,furniture,but,but
220,It is a plastic report but,report,report,but,but
221,It is a war report but,report,report,but,but
222,It is a company report but,report,report,but,but
223,It is a plastic shortage but,shortage,shortage,but,but
224,It is a plastic shortage but,shortage,shortage,but,but
225,It is a servant comedy but,comedy,comedy,but,but
226,It is an economic comedy but,comedy,comedy,but,but
227,It is an amateur comedy but,comedy,comedy,but,but
228,It is a servant scandal but,scandal,scandal,but,but
229,It is a servant carriage but,carriage,carriage,but,but
230,It is a song magazine but,magazine,magazine,but,but
231,It is a sewing magazine but,magazine,magazine,but,but
232,It is a locker magazine but,magazine,magazine,but,but
233,It is a song review but,review,review,but,but
234,It is a song recital but,recital,recital,but,but
235,It is a sports pain but,pain,pain,but,but
236,It is a needle pain but,pain,pain,but,but
237,It is an ankle pain but,pain,pain,but,but
238,It is sports excite ment but,excite ment,excite ment,but,but
239,It is a sports program but,program,program,but,but
240,It is a steam lock but,lock,lock,but,but
241,It is a coil lock but,lock,lock,but,but
242,It is an industrial lock but,lock,lock,but,but
243,It is a steam turbine but,turbine,turbine,but,but
244,It is a steam maker but,maker,maker,but,but
245,It is a student vote but,vote,vote,but,but
246,It is an employee vote but,vote,vote,but,but
247,It is a reform vote but,vote,vote,but,but
248,It is a student accusation but,accusation,accusation,but,but
249,It is a student car but,car,car,but,but
250,It is sugar alcohol but,alcohol,alcohol,but,but
251,It is barley alcohol but,alcohol,alcohol,but,but
252,It is cooking alcohol but,alcohol,alcohol,but,but
253,It is sugar extract but,extract,extract,but,but
254,It is sugar storage but,storage,storage,but,but
255,It is summer money but,money,money,but,but
256,It is phone money but,money,money,but,but
257,It is casino money but,money,money,but,but
258,There are summer clothes but,clothes,clothes,but,but
259,It is summer employment but,employment,employment,but,but
260,It is tax pressure but,pressure,pressure,but,but
261,It is weight pressure but,pressure,pressure,but,but
262,It is social pressure but,pressure,pressure,but,but
263,It is tax wealth but,wealth,wealth,but,but
264,It is a tax form but,form,form,but,but
265,It is a thermal wheel but,wheel,wheel,but,but
266,It is a hydrogen wheel but,wheel,wheel,but,but
267,It is a tractor wheel but,wheel,wheel,but,but
268,It is thermal torture but,torture,torture,but,but
269,There are thermal socks but,socks,socks,but,but
270,There are urban riots but,riots,riots,but,but
271,It is a Europe dance but,dance,dance,but,but
272,There are war riots but,riots,riots,but,but
273,It is an urban tower but,tower,tower,but,but
274,It is an urban complaint but,complaint,complaint,but,but
275,There are vapor drops but,drops,drops,but,but
276,There are rain drops but,drops,drops,but,but
277,There are fallen drops but,drops,drops,but,but
278,It is a vapor cloud but,cloud,cloud,but,but
279,It is a vapor humidifier but,humidifier,humidifier,but,but
280,It is a vegetable peel but,peel,peel,but,but
281,It is a watermelon peel but,peel,peel,but,but
282,It is a bitter peel but,peel,peel,but,but
283,It is vegetable steam but,steam,steam,but,but
284,It is a vegetable appetizer but,appetizer,appetizer,but,but
285,It is a water bird but,bird,bird,but,but
286,It is a desert bird but,bird,bird,but,but
287,It is a domestic bird but,bird,bird,but,but
288,It is a water algae but,algae,algae,but,but
289,It is a water jar but,jar,jar,but,but
290,It is a winter book but,book,book,but,but
291,It is a romance book but,book,book,but,but
292,It is a hard book but,book,book,but,but
293,It is a winter show but,show,show,but,but
294,It is a winter carnival but,carnival,carnival,but,but
295,It is a wood stove but,stove,stove,but,but
296,It is a propane stove but,stove,stove,but,but
297,It is a bread stove but,stove,stove,but,but
298,It is a wood freshener but,freshener,freshener,but,but
299,It is a wood chisel but,chisel,chisel,but,but
300,There are months during which adventures occur but,months,months,but,but
301,There are months when someone is retired but,months,months,but,but
302,There are months spent in jail but,months,months,but,but
303,There are bookings made for an adventure but,bookings,bookings,but,but
304,It is a commercial that shows an adventure but,commercial,commercial,but,but
305,It is the power to attack from the air but,power,power,but,but
306,It is power produced by the sun but,power,power,but,but
307,It is power generated by hand but,power,power,but,but
308,It is a current of air but,current,current,but,but
309,It is a blast of air but,blast,blast,but,but
310,It is a rash that is found on the body just after birth but,rash,rash,but,but
311,It is a rash caused by an allergy but,rash,rash,but,but
312,It is a rash on the arm but,rash,rash,but,but
313,It is the cramps felt when giving birth but,cramp,cramps,but,but
314,It is the event of a birth happening but,event,event,but,but
315,It is a brake that has a cable as a part but,brake,brake,but,but
316,It is a brake that works by electricity but,brake,brake,but,but
317,It is the brake on a bicycle but,brake,brake,but,but
318,It is a pulley that is used on a cable but,pulley,pulley,but,but
319,It is a bobbin for winding cable on but,bobbin,bobbin,but,but
320,It is a bee that gathers nectar from a cactus but,bee,bee,but,but
321,It is a bee that attacks one at a picnic but,bee,bee,but,but
322,It is a bee that produces syrup but,bee,bee,but,but
323,It is a chipmunk that lives under cactus but,chipmunk,chipmunk,but,but
324,It is the root of a cactus plant but,root,root,but,but
325,It is a type of sugar produced from the cane plant but,sugar,sugar,but,but
326,It is sugar extracted from a peach but,sugar,sugar,but,but
327,It is sugar that is put on breakfast but,sugar,sugar,but,but
328,It is juice from the cane plant but,juice,juice,but,but
329,It is a plantation on which cane is grown but,plantation,plantation,but,but
330,There are shavings from a block of chocolate but,shavings,shavings,but,but
331,There are shavings or clippings of grass but,shavings,shavings,but,but
332,There are shavings of wood that have been dried but,shavings,shavings,but,but
333,It is power produced by eating chocolate but,power,power,but,but
334,It is a recipe for making chocolate but,recipe,recipe,but,but
335,It is a town where coal is the dominant industry but,town,town,but,but
336,It is a town where a festival happens but,town,town,but,but
337,It is a town in a valley but,town,town,but,but
338,It is the country in which coal can be found but,country,country,but,but
339,It is a machine that manufactures coal but,machine,machine,but,but
340,It is tension caused by drinking coffee but,tension,tension,but,but
341,It is tension caused by an upcoming examination but,tension,tension,but,but
342,It is tension in a muscle but,tension,tension,but,but
343,It is a stain made by spilled coffee but,stain,stain,but,but
344,It is a container for holding coffee but,container,container,but,but
345,There are lakes in the grounds of a college but,lakes,lakes,but,but
346,There are lakes that look like farmers but,lakes,lakes,but,but
347,There are lakes that are very small but,lakes,lakes,but,but
348,It is property belonging to a college but,property,property,but,but
349,It is a publication produced in a college but,publication,publication,but,but
350,It is sauce that is made of cream but,sauce,sauce,but,but
351,It is sauce which contains pumpkins but,sauce,sauce,but,but
352,It is a sauce for putting on potatoes but,sauce,sauce,but,but
353,It is a bread that is made from cream but,bread,bread,but,but
354,It is a churn used for making cream but,churn,churn,but,but
355,It is a cow owned by a family but,cow,cow,but,but
356,It is a cow owned by a school but,cow,cow,but,but
357,It is a cow that gives milk but,cow,cow,but,but
358,It is a garden that a family uses but,garden,garden,but,but
359,It is a church where a family usually goes but,church,church,but,but
360,It is a headache caused by financial problems but,headache,headache,but,but
361,It is a headache caused by the consumption of alcohol but,headache,headache,but,but
362,It is a headache that causes death but,headache,headache,but,but
363,It is a problem caused by a lack of finance but,problem,problem,but,but
364,It is a remedy for financial problems but,remedy,remedy,but,but
365,It is a gland that fish have but,gland,gland,but,but
366,It is a gland taken from a reptile but,gland,gland,but,but
367,It is a gland that is underdeveloped but,gland,gland,but,but
368,It is a fin which is part of a fish but,fin,fin,but,but
369,It is a stew with fish as an ingredient but,stew,stew,but,but
370,It is a wreath made of flowers but,wreath,wreath,but,but
371,It is a wreath made out of yarn but,wreath,wreath,but,but
372,It is Christmas wreath but,wreath,wreath,but,but
373,It is perfume that smells of flowers but,perfume,perfume,but,but
374,It is a fabric that is decorated with flowers but,fabric,fabric,but,but
375,There are pills that are intended to cure flu but,pills,pills,but,but
376,There are pills that are used to treat infants but,pills,pills,but,but
377,There are pills that are medicine but,pills,pills,but,but
378,It is therapy used for treating flus but,therapy,therapy,but,but
379,It is an outbreak of flu but,outbreak,outbreak,but,but
380,It is food used to feed fruit plants but,food,food,but,but
381,It is food that is hot but,food,food,but,but
382,It is food that comes in packages but,food,food,but,but
383,It is a slice of a fruit but,slice,slice,but,but
384,It is the seed found inside a fruit but,seed,seed,but,but
385,It is a lamp that is powered by gas but,lamp,lamp,but,but
386,It is a lamp that runs on batteries but,lamp,lamp,but,but
387,It is a lamp that is used in a cabin but,lamp,lamp,but,but
388,It is a car that runs on gas but,car,car,but,but
389,It is a hose down which gas flows but,hose,hose,but,but
390,It is the law governing grain but,law,law,but,but
391,It is the law which states how traffic should behave but,law,law,but,but
392,It is a law that holds in a state but,law,law,but,but
393,It is a controversy over the supply of grain but,controversy,controversy,but,but
394,It is a dish used for holding grain but,dish,dish,but,but
395,It is a hole in the gutter but,hole,hole,but,but
396,It is a hole in the prairie that some animal lives in but,hole,hole,but,but
397,It is a hole that a rodent lives in but,hole,hole,but,but
398,It is a rodent that lives in the gutter but,rodent,rodent,but,but
399,It is drainage into a gutter but,drainage,drainage,but,but
400,It is an iron that is hot but,iron,iron,but,but
401,It is an iron used to cook pancakes but,iron,iron,but,but
402,It is an iron that is made of ceramic but,iron,iron,but,but
403,It is a pad that produces heat but,pad,pad,but,but
404,It is a machine that regulates heat but,regulator,regulates,but,but
405,There are people who were members in historical times but,members,members,but,but
406,There are members which are from a foreign place but,members,members,but,but
407,There are members of a hospital governing board but,members,members,but,but
408,It is an elder person in historical times but,elder,elder,but,but
409,There are archives containing historical information but,archives,archives,but,but
410,It is a light that is found in a home but,light,light,but,but
411,It is a light that provides illumination for reading but,light,light,but,but
412,It is a light that is made of glass but,light,light,but,but
413,It is paint that is used on homes but,paint,paint,but,but
414,It is a dispute about the home but,dispute,dispute,but,but
415,It is soup with honey as an ingredient but,soup,soup,but,but
416,It is soup made of ham but,soup,soup,but,but
417,It is a soup that you only have on holidays but,soup,soup,but,but
418,It is a muffin with honey as an ingredient but,muffin,muffin,but,but
419,It is an insect that produces honey but,insect,insect,but,but
420,There are scales used to weigh horses but,scales,scales,but,but
421,There are a scales on which chemicals are weighed but,scales,scales,but,but
422,There are scales made of metal but,scales,scales,but,but
423,There are stables that a horse lives in but,stables,stables,but,but
424,It is an auction where horses are sold but,auction,auction,but,but
425,It is the language used to talk about jobs but,language,language,but,but
426,It is the language that is spoken in California but,language,language,but,but
427,It is language that is used verbally but,language,language,but,but
428,It is the completion of a job but,completion,completion,but,but
429,It is anxiety about losing a job but,anxiety,anxiety,but,but
430,It is underwear that are worn by juvenile people but,underwear,underwear,but,but
431,It is special underwear that are worn in the evening but,underwear,underwear,but,but
432,It is underwear made of flannel but,underwear,underwear,but,but
433,It is a swing that is reserved for juveniles but,swing,swing,but,but
434,It is the bad behavior of juveniles but,behavior,behavior,but,but
435,It is the plant on which lemons grow but,plant,plant,but,but
436,It is a plant that produces a lot of pollen but,plant,plant,but,but
437,It is a plant that grows on a farm but,plant,plant,but,but
438,It is a tree on which lemons grow but,tree,tree,but,but
439,It is a biscuit with lemons as an ingredient but,biscuit,biscuit,but,but
440,It is an antique found in the sea but,antique,antique,but,but
441,It is an antique that is found in a library but,antique,antique,but,but
442,It is an antique which is a tool used for sewing but,antique,antique,but,but
443,It is a gun that is used by marines but,gun,gun,but,but
444,It is an attack carried out by marines but,attack,attack,but,but
445,'There are a person''s instincts to get married.' but,instincts,instincts,but,but
446,There are somebodies instincts for academic politics but,instincts,instincts,but,but
447,There are instincts that have evolved in an animal but,instincts,instincts,but,but
448,'It is a person''s preparation for getting married.' but,preparation,preparation,but,but
449,It is happiness in marriage but,happiness,happiness,but,but
450,It is a virus found in milk but,virus,virus,but,but
451,It is a virus that affects the throat but,virus,virus,but,but
452,It is a virus that is dormant but,virus,virus,but,but
453,It is a bacterium that is found in milk but,bacterium,bacterium,but,but
454,It is a pudding with milk as an ingredient but,pudding,pudding,but,but
455,There are signals that morning is approaching but,signals,signals,but,but
456,There are signals that someone is pregnant but,signals,signals,but,but
457,There are signals that animals use but,signals,signals,but,but
458,It is medication that must be taken in the morning but,medication,medication,but,but
459,It is meditation that is done in the morning but,meditation,meditation,but,but
460,It is the shape of a moth but,shape,shape,but,but
461,It is the shape of a mould but,shape,shape,but,but
462,It is the shape oval but,shape,shape,but,but
463,It is the wing of a moth but,wing,wing,but,but
464,It is an insecticide used for killing moths but,insecticide,insecticide,but,but
465,It is a cool breeze that blows in the mountains but,breeze,breeze,but,but
466,It is a breeze that goes through a kitchen but,breeze,breeze,but,but
467,It is a breeze that blows before a storm but,breeze,breeze,but,but
468,It is a cabin on the side of a mountain but,cabin,cabin,but,but
469,It is a magazine about mountains but,magazine,magazine,but,but
470,It is a forest that is maintained by the municipality but,forest,forest,but,but
471,It is a forest that is owned by royalty but,forest,forest,but,but
472,It is a forest in the alps but,forest,forest,but,but
473,It is a pool maintained by the municipality but,pool,pool,but,but
474,It is a political campaign for municipal elections but,campaign,campaign,but,but
475,It is a film about murder but,film,film,but,but
476,It is a film about people who live in poverty but,film,film,but,but
477,It is a film made in a foreign country but,film,film,but,but
478,It is an investigation into the circumstances of a murder but,investigation,investigation,but,but
479,It is an attempt to murder someone but,attempt,attempt,but,but
480,There are the resources of a nation but,resources,resources,but,but
481,There are the resources that a company possesses but,resources,resources,but,but
482,There are resources of gold but,resources,resources,but,but
483,It is the police of a nation but,police,police,but,but
484,It is a mistake made by a nation but,mistake,mistake,but,but
485,It is a sound made by blowing the nose but,sound,sound,but,but
486,It is the sound a drum makes but,sound,sound,but,but
487,It is a sound that is unidentified but,sound,sound,but,but
488,It is an itch on the nose but,itch,itch,but,but
489,It is a movement that the nose performs but,movement,movement,but,but
490,It is a charge for the maintenance or use of an office but,charge,charge,but,but
491,It is the charge required to attend a doctor but,charge,charge,but,but
492,It is the charge  paid on items for which royalties are required but,charge,charge,but,but
493,It is a statement produced by an office but,statement,statement,but,but
494,It is a notepad that is used in an office but,notepad,notepad,but,but
495,It is a treatment in which oil is rubbed on but,treatment,treatment,but,but
496,It is a treatment that is carried out before surgery but,treatment,treatment,but,but
497,It is the medical treatment for a disease but,treatment,treatment,but,but
498,It is a moisturizer that is based on oil but,moisturizer,moisturizer,but,but
499,It is an accident in which oil is spilled but,accident,accident,but,but
500,It is the season in which olives grow but,season,season,but,but
501,It is the season in which gestation happens but,season,season,but,but
502,It is the season in which it is humid but,season,season,but,but
503,It is olives spread on the ground as fertilizer but,fertilizer,fertilizer,but,but
504,It is a paste made by crushing olives but,paste,paste,but,but
505,It is equipment used with paper but,equipment,equipment,but,but
506,It is equipment used during construction but,equipment,equipment,but,but
507,It is equipment that is made of steel but,equipment,equipment,but,but
508,There are staples used to join paper together but,staples,staples,but,but
509,It is a sculpture made by folding paper but,sculpture,sculpture,but,but
510,It is a dance that is performed at a party but,dance,dance,but,but
511,It is a dance that is held in a hall but,dance,dance,but,but
512,It is a dance that peasants typically do but,dance,dance,but,but
513,It is a toast that is given at a party but,toast,toast,but,but
514,It is an invitation to come to a party but,invitation,invitation,but,but
515,It is oil extracted from the pine tree but,oil,oil,but,but
516,It is oil extracted from the skin of pigs but,oil,oil,but,but
517,It is oil that is used for tanning but,oil,oil,but,but
518,It is the bark of the pine tree but,bark,bark,but,but
519,It is furniture that is made of pine but,furniture,furniture,but,but
520,It is a report about plastic but,report,report,but,but
521,It is a report on the events of a war but,report,report,but,but
522,It is the annual report of a company but,report,report,but,but
523,It is a shortage of plastic but,shortage,shortage,but,but
524,It is a shortage of plastic but,shortage,shortage,but,but
525,It is a comedy about the activity of servants but,comedy,comedy,but,but
526,It is a comedy about economics but,comedy,comedy,but,but
527,It is a comedy performed by amateurs but,comedy,comedy,but,but
528,It is a scandal in which servants are involved but,scandal,scandal,but,but
529,It is a carriage in which servants travel but,carriage,carriage,but,but
530,It is a magazine that gives lists of songs but,magazine,magazine,but,but
531,It is a magazine with articles about sewing but,magazine,magazine,but,but
532,It is a magazine kept in a locker but,magazine,magazine,but,but
533,It is a review describing a song but,review,review,but,but
534,It is a recital at which songs are performed but,recital,recital,but,but
535,It is a pain that is caused by injury during sports but,pain,pain,but,but
536,It is pain caused by getting stuck with a needle but,pain,pain,but,but
537,It is a pain in the ankle but,pain,pain,but,but
538,It is excite ment about sports but,excite ment,excite ment,but,but
539,It is a program about sports but,program,program,but,but
540,It is a lock that works by steam but,lock,lock,but,but
541,It is a lock that is in the shape of a coil but,lock,lock,but,but
542,It is a lock that is very strong but,lock,lock,but,but
543,It is a turbine which is turned by steam but,turbine,turbine,but,but
544,It is a machine that makes steam but,maker,makes,but,but
545,It is the vote of a group of students but,vote,vote,but,but
546,It is the vote of employees in a company decision but,vote,vote,but,but
547,It is a vote to reform something but,vote,vote,but,but
548,It is an accusation said by a student but,accusation,accusation,but,but
549,It is a car that a student owns but,car,car,but,but
550,It is alcohol that is distilled from sugar but,alcohol,alcohol,but,but
551,It is alcohol that is brewed from barley but,alcohol,alcohol,but,but
552,It is alcohol used as an ingredient in cooking but,alcohol,alcohol,but,but
553,It is a sugary substance that is extracted from a plant but,extract,extracted,but,but
554,It is the storage of sugar but,storage,storage,but,but
555,It is money that is spent during summer but,money,money,but,but
556,It is money used when phoning but,money,money,but,but
557,It is money that can be used only in a casino but,money,money,but,but
558,There are clothes worn during summer but,clothes,clothes,but,but
559,It is employment over the summer period but,employment,employment,but,but
560,It is the pressure caused by paying tax but,pressure,pressure,but,but
561,It is pressure to maintain a certain weight but,pressure,pressure,but,but
562,It is pressure from society to behave a certain way but,pressure,pressure,but,but
563,It is wealth that comes from tax but,wealth,wealth,but,but
564,It is a form that must be filled in for tax but,form,form,but,but
565,It is a wheel that turns by thermal power but,wheel,wheel,but,but
566,It is a wheel that turns because of hydrogen flow but,wheel,wheel,but,but
567,It is the wheel of a tractor but,wheel,wheel,but,but
568,It is torture by heat but,torture,torture,but,but
569,There are socks that keep you warm but,socks,socks,but,but
570,There are riots carried out by city people but,riots,riots,but,but
571,It is a dance that is typical in Europe but,dance,dance,but,but
572,There are riots in protest against a war but,riots,riots,but,but
573,It is a tower in a city but,tower,tower,but,but
574,It is a complaint about living in cities but,complaint,complaint,but,but
575,There are drops that when swallowed produce a vapor but,drops,drops,but,but
576,There are drops of rain but,drops,drops,but,but
577,There are drops that have fallen but,drops,drops,but,but
578,It is a cloud of vapor but,cloud,cloud,but,but
579,It is a humidifier that produces a vapor but,humidifier,humidifier,but,but
580,It is the peel of a vegetable but,peel,peel,but,but
581,It is the peel of a watermelon but,peel,peel,but,but
582,It is peel which has a bitter taste but,peel,peel,but,but
583,It is steam produced when cooking vegetables but,steam,steam,but,but
584,It is an appetizer that is prepared from vegetables but,appetizer,appetizer,but,but
585,It is a bird that lives around water but,bird,bird,but,but
586,It is a bird that lives in the desert but,bird,bird,but,but
587,It is a bird that is kept in the house but,bird,bird,but,but
588,It is algae that grow in water but,algae,algae,but,but
589,It is a jar is which water is stored but,jar,jar,but,but
590,It is a book about things that happen in winter but,book,book,but,but
591,It is a book about romance but,book,book,but,but
592,It is a book that is hard to understand but,book,book,but,but
593,It is a show that takes place in winter but,show,show,but,but
594,It is a carnival that is held in winter but,carnival,carnival,but,but
595,It is a stove which burns wood but,stove,stove,but,but
596,It is a stove that uses propane as fuel but,stove,stove,but,but
597,It is a stove on which bread is cooked but,stove,stove,but,but
598,It is something used to make wood seem fresh but,freshener,fresh,but,but
599,It is a chisel used for working on wood but,chisel,chisel,but,but
600,There are months when one goes on an adventure but,months,months,but,but
601,There are months one spends in retirement but,months,months,but,but
602,There are months one spends in jail but,months,months,but,but
603,There are bookings taken during the arrangement of an adventure but,bookings,bookings,but,but
604,It is a commercial about an adventure but,commercial,commercial,but,but
605,It is military power in the air but,power,power,but,but
606,It is power that comes from solar energy but,power,power,but,but
607,It is power produced by manual labor but,power,power,but,but
608,It is a current in air but,current,current,but,but
609,It is a blast of air but,blast,blast,but,but
610,It is a rash on a baby at birth but,rash,rash,but,but
611,It is a rash caused by an allergy but,rash,rash,but,but
612,It is a rash on an arm but,rash,rash,but,but
613,It is a cramp caused by giving birth but,cramp,cramp,but,but
614,It is an event at which someone or something gives birth but,event,event,but,but
615,It is a brake that works by means of a cable but,brake,brake,but,but
616,It isa brake that is powered by electricity but,brake,brake,but,but
617,It is a brake that is on a bicycle but,brake,brake,but,but
618,It is a pulley that functions by means of a cable but,pulley,pulley,but,but
619,It is a bobbin on which cable is wound but,bobbin,bobbin,but,but
620,It is a bee that lives in a cactus but,bee,bee,but,but
621,It is a bee that comes to a picnic but,bee,bee,but,but
622,It is a bee that likes to eat syrup but,bee,bee,but,but
623,It is a chipmunk that feeds on a cactus but,chipmunk,chipmunk,but,but
624,It is the root of a cactus but,root,root,but,but
625,It is sugar that comes from cane but,sugar,sugar,but,but
626,It is the sugar that is in a peach but,sugar,sugar,but,but
627,It is sugar one uses at breakfast but,sugar,sugar,but,but
628,It is the juice of canes but,juice,juice,but,but
629,It is a plantation of cane plants but,plantation,plantation,but,but
630,There are shavings which are made of chocolate but,shavings,shavings,but,but
631,There are shavings consisting of grass but,shavings,shavings,but,but
632,There are shavings that have been dried but,shavings,shavings,but,but
633,It is power one gets from consuming chocolate but,power,power,but,but
634,It is a recipe for making chocolate but,recipe,recipe,but,but
635,It is a town in which the primary industry is coal mining but,town,town,but,but
636,It is a town in which a festival takes place but,town,town,but,but
637,It is a town located in a valley but,town,town,but,but
638,It is a country that produces coal but,country,country,but,but
639,It is a machine used in the mining of coal but,machine,machine,but,but
640,It is tension caused by consuming coffee but,tension,tension,but,but
641,It is tension caused by the thought of an examination but,tension,tension,but,but
642,It is tension in a muscle but,tension,tension,but,but
643,It is a stain caused by the spilling of coffee but,stain,stain,but,but
644,It is a container in which coffee is stored but,container,container,but,but
645,There are lakes found on college property but,lakes,lakes,but,but
646,There are lakes frequented by farmers but,lakes,lakes,but,but
647,There are lakes containing minnow but,lakes,lakes,but,but
648,It is property owned by a college but,property,property,but,but
649,It is a publication that is produced in a college but,publication,publication,but,but
650,It is a sauce which contains a lot of cream but,sauce,sauce,but,but
651,It is a sauce made out of pumpkins but,sauce,sauce,but,but
652,It is a sauce used on potatoes but,sauce,sauce,but,but
653,It is bread that was made with cream but,bread,bread,but,but
654,It is a churn for producing cream but,churn,churn,but,but
655,It is a cow owned by a family but,cow,cow,but,but
656,It is a cow that lives at a school but,cow,cow,but,but
657,It is a cow that produces milk but,cow,cow,but,but
658,It is a garden owned by a family but,garden,garden,but,but
659,It is a church frequented by members of a family but,church,church,but,but
660,It is a headache caused by financial problems but,headache,headache,but,but
661,It is a headache caused by drinking alcohol but,headache,headache,but,but
662,It is a headache which is fatal but,headache,headache,but,but
663,'It is a problem with the state of one''s finances.' but,problem,problem,but,but
664,It is a remedy which improves ones finances but,remedy,remedy,but,but
665,It is a gland that a fish has but,gland,gland,but,but
666,It is a gland that is part of a reptile but,gland,gland,but,but
667,It is a gland that is underdeveloped but,gland,gland,but,but
668,It is the fin of a fish but,fin,fin,but,but
669,It is a stew which contains fish but,stew,stew,but,but
670,It is a wreath that is made of flowers but,wreath,wreath,but,but
671,It is a wreath made out of yarn but,wreath,wreath,but,but
672,It is a wreath one displays at Christmas but,wreath,wreath,but,but
673,It is perfume which has a floral scent but,perfume,perfume,but,but
674,It is fabric which has a floral pattern on it but,fabric,fabric,but,but
675,There are pills for curing flu but,pills,pills,but,but
676,There are pills for consumption by an infant but,pills,pills,but,but
677,There are pills that are medicinal but,pills,pills,but,but
678,It is therapy aimed at curing flu but,therapy,therapy,but,but
679,It is an outbreak of flu in the population but,outbreak,outbreak,but,but
680,It is food that is fruit but,food,food,but,but
681,It is food which is hot but,food,food,but,but
682,It is food that is found in a package but,food,food,but,but
683,It is a slice of fruit but,slice,slice,but,but
684,It is seed found inside fruit but,seed,seed,but,but
685,It is a lamp that uses gas as fuel but,lamp,lamp,but,but
686,It is a lamp that is powered by a battery but,lamp,lamp,but,but
687,It is a lamp found in a cabin but,lamp,lamp,but,but
688,It is a car that is powered by gas but,car,car,but,but
689,It is a hose that gas comes out of but,hose,hose,but,but
690,It is a law about grain but,law,law,but,but
691,It is a law governing the conduct of traffic but,law,law,but,but
692,It is a law made by and enforced in a state but,law,law,but,but
693,It is a controversy about the supply or trade of grain but,controversy,controversy,but,but
694,It is a dish for holding grain but,dish,dish,but,but
695,It is a hole in a gutter but,hole,hole,but,but
696,It is a hole in a prairie but,hole,hole,but,but
697,It is a hole that a rodent lives in but,hole,hole,but,but
698,It is a rodent that lives in the gutter but,rodent,rodent,but,but
699,It is drainage into a gutter but,drainage,drainage,but,but
700,It is an iron that uses heat to preform its function but,iron,iron,but,but
701,It is an iron used for making a pancake but,iron,iron,but,but
702,It is a type of iron that can be used or crafted like ceramics are but,iron,iron,but,but
703,It is a pad that gives off heat but,pad,pad,but,but
704,It is a device or machine for regulating the amount of heat but,regulator,regulating,but,but
705,There are people that are members for historical reasons but,members,members,but,but
706,There are members that are foreign but,members,members,but,but
707,There are members of a hospital but,members,members,but,but
708,It is an elder important enough to be the subject of history but,elder,elder,but,but
709,There are archives concerning historical events but,archives,archives,but,but
710,It is a light in a home but,light,light,but,but
711,It is a light used for reading but,light,light,but,but
712,It is a light that is made of glass but,light,light,but,but
713,It is paint used in the home but,paint,paint,but,but
714,It is a dispute at home but,dispute,dispute,but,but
715,It is soup containing honey but,soup,soup,but,but
716,It is soup that contains pieces of ham but,soup,soup,but,but
717,It is soup brought on holiday but,soup,soup,but,but
718,It is a muffin that contains honey but,muffin,muffin,but,but
719,It is an insect that produces honey but,insect,insect,but,but
720,There are scales for weighing a horse but,scales,scales,but,but
721,There are scales used in chemistry experiments but,scales,scales,but,but
722,There are scales made of metal but,scales,scales,but,but
723,There are stables in which horses are kept but,stables,stables,but,but
724,It is an auction where a horse is sold but,auction,auction,but,but
725,'It is language that one uses in one''s job.' but,language,language,but,but
726,It is the language spoken in California but,language,language,but,but
727,It is language which is verbal but,language,language,but,but
728,It is the completion of a job but,completion,completion,but,but
729,'It is anxiety caused by one''s job.' but,anxiety,anxiety,but,but
730,It is underwear that is worn by a juvenile but,underwear,underwear,but,but
731,It is underwear that is only worn in the evening but,underwear,underwear,but,but
732,It is underwear made of flannel but,underwear,underwear,but,but
733,It is a swing that is used by a juvenile but,swing,swing,but,but
734,It is behavior reminiscent of juvenile behavior but,behavior,behavior,but,but
735,It is a plant that produces lemons but,plant,plant,but,but
736,It is a plant that uses pollen to achieve fertilization but,plant,plant,but,but
737,It is a plant that is grown on a farm but,plant,plant,but,but
738,It is a tree on which lemons grow but,tree,tree,but,but
739,It is a biscuit that is lemon flavoured but,biscuit,biscuit,but,but
740,It is an antique which was once the property of a Marine but,antique,antique,but,but
741,It is an antique found in a library but,antique,antique,but,but
742,It is an antique which is an old sewing machine but,antique,antique,but,but
743,It is a gun used by Marines but,gun,gun,but,but
744,It is an attack carried out by Marines but,attack,attack,but,but
745,There are the instincts to get married but,instincts,instincts,but,but
746,There are instincts useful in an academic environment but,instincts,instincts,but,but
747,There are instincts which have evolved but,instincts,instincts,but,but
748,It is preparation for marriage but,preparation,preparation,but,but
749,It is happiness caused by marriage but,happiness,happiness,but,but
750,It is a virus transmitted in milk but,virus,virus,but,but
751,'It is a virus which causes a pain in one''s throat.' but,virus,virus,but,but
752,It is a virus which is dormant but,virus,virus,but,but
753,It is a bacterium found in milk but,bacterium,bacterium,but,but
754,It is pudding that contains milk but,pudding,pudding,but,but
755,There are signals which happen in the morning but,signals,signals,but,but
756,There are signals that indicate that someone or something is pregnant but,signals,signals,but,but
757,There are signals made by an animal but,signals,signals,but,but
758,It is medication that is to be taken in the morning but,medication,medication,but,but
759,It is meditation that one does in the morning but,meditation,meditation,but,but
760,It is the shape of a moth but,shape,shape,but,but
761,It is the shape of a mould but,shape,shape,but,but
762,It is a shape that is oval but,shape,shape,but,but
763,It is the wing of a moth but,wing,wing,but,but
764,It is insecticide for killing moths but,insecticide,insecticide,but,but
765,It is a breeze on a mountain but,breeze,breeze,but,but
766,It is a breeze in a kitchen but,breeze,breeze,but,but
767,It is a strong breeze during a storm but,breeze,breeze,but,but
768,It is a cabin located on a mountain but,cabin,cabin,but,but
769,It is a magazine about mountains but,magazine,magazine,but,but
770,It is a forest owned by the municipality but,forest,forest,but,but
771,It is a forest that is owned by royalty but,forest,forest,but,but
772,It is a forest in an alpine region but,forest,forest,but,but
773,It is a pool that is owned by the municipality but,pool,pool,but,but
774,It is a campaign by the municipality but,campaign,campaign,but,but
775,It is a film which portrays a murder taking place but,film,film,but,but
776,It is a film about poverty but,film,film,but,but
777,It is a film made in a foreign place but,film,film,but,but
778,It is an investigation into the details of a murder but,investigation,investigation,but,but
779,It is an attempt made to murder someone but,attempt,attempt,but,but
780,There are the resources of a nation but,resources,resources,but,but
781,There are resources available to a company but,resources,resources,but,but
782,There are resources that are gold but,resources,resources,but,but
783,It is the police of a nation but,police,police,but,but
784,It is a mistake made by a nation but,mistake,mistake,but,but
785,It is a sound that a nose makes but,sound,sound,but,but
786,It is the sound made by a drum but,sound,sound,but,but
787,It is a sound that is unidentified but,sound,sound,but,but
788,'It is an itch on one''s nose.' but,itch,itch,but,but
789,It is a movement of a nose but,movement,movement,but,but
790,It is a charge for using an office but,charge,charge,but,but
791,It is a charge for the services of a doctor but,charge,charge,but,but
792,'It is a charge that is an artist''s royalty.' but,charge,charge,but,but
793,It is a statement given in an office but,statement,statement,but,but
794,It is a notepad intended for use in an office but,notepad,notepad,but,but
795,It is a skin treatment that uses oil but,treatment,treatment,but,but
796,It is a treatment which consists of surgery.  but,treatment,treatment,but,but
797,It is treatment aimed at preventing or ending a disease but,treatment,treatment,but,but
798,It is moisturizer which contains oil but,moisturizer,moisturizer,but,but
799,It is an accident in which oil is leaked but,accident,accident,but,but
800,It is the season when olives are harvested but,season,season,but,but
801,It is a season in which something gestates but,season,season,but,but
802,It is a season in which the weather is very humid but,season,season,but,but
803,It is fertilizer that helps olives to grow but,fertilizer,fertilizer,but,but
804,It is paste made out of olives but,paste,paste,but,but
805,It is equipment used for organising and augmenting paper but,equipment,equipment,but,but
806,It is equipment used in the construction of something but,equipment,equipment,but,but
807,It is equipment that is made of steel but,equipment,equipment,but,but
808,There are staples used for binding papers together but,staples,staples,but,but
809,It is a sculpture made out of paper but,sculpture,sculpture,but,but
810,It is an event which is both a party and a dance but,dance,dance,but,but
811,It is a dance that takes place in a hall but,dance,dance,but,but
812,It is a dance which is attended by peasants but,dance,dance,but,but
813,It is a toast at a party but,toast,toast,but,but
814,It is an invitation to a party but,invitation,invitation,but,but
815,It is oil that comes from a pine tree but,oil,oil,but,but
816,It is oil that is put on a pig but,oil,oil,but,but
817,It is oil used to aid tanning but,oil,oil,but,but
818,It is the bark of a pine tree but,bark,bark,but,but
819,It is furniture that is made mostly of pine but,furniture,furniture,but,but
820,It is a report about the plastic industry but,report,report,but,but
821,It is a report about a war but,report,report,but,but
822,It is a report made by a company but,report,report,but,but
823,It is a shortage of plastic but,shortage,shortage,but,but
824,It is a shortage of plastic but,shortage,shortage,but,but
825,It is a comedy about servants but,comedy,comedy,but,but
826,It is a comedy about economic conditions but,comedy,comedy,but,but
827,It is a comedy performed by amateurs but,comedy,comedy,but,but
828,It is a scandal caused by the behavior of a servant but,scandal,scandal,but,but
829,It is a carriage in which a servant travels but,carriage,carriage,but,but
830,It is a magazine about songs but,magazine,magazine,but,but
831,It is a magazine about sewing but,magazine,magazine,but,but
832,It is a magazine that is in a locker but,magazine,magazine,but,but
833,It is a review about a song but,review,review,but,but
834,It is a recital where songs are performed but,recital,recital,but,but
835,It is a pain caused by participating in sports but,pain,pain,but,but
836,It is a pain caused by being pricked by a needle but,pain,pain,but,but
837,It is a pain in an ankle but,pain,pain,but,but
838,It is excite ment caused by a sports event but,excite ment,excite ment,but,but
839,It is a program for a sports event but,program,program,but,but
840,It is a lock which presents steam from escaping but,lock,lock,but,but
841,It is a lock that works by means of a coil mechanism but,lock,lock,but,but
842,It is a lock used in industry but,lock,lock,but,but
843,It is a turbine that uses steam for power but,turbine,turbine,but,but
844,It is a device that is a maker of steam but,maker,maker,but,but
845,It is a vote cast by a student but,vote,vote,but,but
846,It is a vote made by an employee but,vote,vote,but,but
847,It is a vote that if successful will reform something but,vote,vote,but,but
848,It is an accusation made by a student but,accusation,accusation,but,but
849,It is a car owned by a student but,car,car,but,but
850,It is alcohol that is made from sugar by yeast but,alcohol,alcohol,but,but
851,It is alcohol that is produced by fermenting barley but,alcohol,alcohol,but,but
852,It is alcohol used for cooking but,alcohol,alcohol,but,but
853,It is extract which is sugar but,extract,extract,but,but
854,It is a place where sugar is stored but,storage,stored,but,but
855,It is money that is gotten in summer but,money,money,but,but
856,It is money that is to be spent on the use of phones but,money,money,but,but
857,It is money one spends in a casino but,money,money,but,but
858,There are clothes worn during the summer but,clothes,clothes,but,but
859,It is employment during the summer but,employment,employment,but,but
860,It is pressure caused by a high level of tax but,pressure,pressure,but,but
861,It is pressure exerted by the weight of something but,pressure,pressure,but,but
862,It is pressure caused by society but,pressure,pressure,but,but
863,It is wealth achieved by a high rate of tax but,wealth,wealth,but,but
864,'It is a form for the arrangement of one''s tax payments.' but,form,form,but,but
865,It is a wheel that uses thermal energy but,wheel,wheel,but,but
866,It is a wheel powered by hydrogen energy but,wheel,wheel,but,but
867,It is a wheel that is on a tractor but,wheel,wheel,but,but
868,It is torture consisting of exposure to extreme heat but,torture,torture,but,but
869,'There are socks which help to keep one''s feet warm.' but,socks,socks,but,but
870,There are riots in an urban area but,riots,riots,but,but
871,It is a dance that is popular in Europe but,dance,dance,but,but
872,There are riots against the possibility of war but,riots,riots,but,but
873,It is a tower in an urban area but,tower,tower,but,but
874,It is a complaint about an urban service but,complaint,complaint,but,but
875,There are drops of vapor but,drops,drops,but,but
876,There are drops of water that rain consists of but,drops,drops,but,but
877,There are drops which have fallen but,drops,drops,but,but
878,It is a cloud made of vapor but,cloud,cloud,but,but
879,It is a device which makes vapor more humid but,humidifier,humid,but,but
880,It is the peel of a vegetable but,peel,peel,but,but
881,It is the peel of a watermelon but,peel,peel,but,but
882,It is a peel that is bitter but,peel,peel,but,but
883,It is steam emitted by cooked vegetable but,steam,steam,but,but
884,It is an appetizer consisting of a selection of vegetables but,appetizer,appetizer,but,but
885,It is a bird that lives near water but,bird,bird,but,but
886,It is a bird that lives in a desert but,bird,bird,but,but
887,It is a bird that is domestic but,bird,bird,but,but
888,It is algae that lives in water but,algae,algae,but,but
889,It is a jar containing or intended to contain water but,jar,jar,but,but
890,It is a book about winter but,book,book,but,but
891,It is a book about romance but,book,book,but,but
892,It is a book with a hard cover but,book,book,but,but
893,It is a show presented during the winter but,show,show,but,but
894,It is a carnival that takes place in winter but,carnival,carnival,but,but
895,It is a stove that uses wood as fuel but,stove,stove,but,but
896,It is a stove that uses propane but,stove,stove,but,but
897,It is a stove used for making bread but,stove,stove,but,but
898,It is a freshener for wood but,freshener,freshener,but,but
899,It is a chisel used when crafting things made of wood but,chisel,chisel,but,but
